customer_id,signup_date,region,age_group,gender,retention_score,is_churned
C00001,2020-06-04,Los Angeles,26-35,Other,0.82,False
C00002,2021-09-11,Phoenix,36-45,Other,0.67,False
C00003,2020-10-08,Phoenix,56+,Other,0.25,True
C00004,2020-04-28,Phoenix,46-55,F,0.72,False
C00005,2022-11-01,Phoenix,56+,F,0.21,True
C00006,2021-11-23,New York,26-35,F,0.55,False
C00007,2021-03-02,Chicago,26-35,M,0.75,False
C00008,2020-05-30,Houston,46-55,Other,0.41,True
C00009,2022-01-15,Los Angeles,36-45,Other,0.6,False
C00010,2022-10-28,Los Angeles,18-25,F,0.73,False
C00011,2021-05-31,Los Angeles,36-45,Other,0.63,False
C00012,2020-11-06,Phoenix,36-45,Other,0.69,False
C00013,2020-10-29,New York,26-35,F,0.7,False
C00014,2021-08-10,Phoenix,56+,M,0.36,True
C00015,2022-12-12,New York,56+,Other,0.71,False
C00016,2020-12-26,Los Angeles,56+,Other,0.4,True
C00017,2021-08-07,Chicago,36-45,Other,0.27,True
C00018,2021-05-03,Los Angeles,18-25,M,0.42,True
C00019,2020-01-19,Los Angeles,56+,Other,0.77,False
C00020,2021-01-31,Chicago,36-45,F,0.83,False
C00021,2022-04-01,Phoenix,36-45,F,0.67,False
C00022,2021-12-25,New York,46-55,F,0.57,False
C00023,2022-07-05,Phoenix,46-55,F,0.54,False
C00024,2021-08-27,Houston,46-55,Other,0.64,False
C00025,2020-04-11,Phoenix,36-45,Other,0.17,True
C00026,2022-05-16,Los Angeles,18-25,M,0.43,True
C00027,2022-10-23,New York,36-45,M,0.77,False
C00028,2020-11-23,New York,56+,Other,0.65,False
C00029,2021-10-26,Chicago,26-35,Other,0.7,False
C00030,2020-10-30,Houston,18-25,M,0.93,False
C00031,2022-08-01,Houston,36-45,F,0.77,False
C00032,2021-05-12,Houston,36-45,F,0.83,False
C00033,2021-09-10,Chicago,18-25,F,0.31,True
C00034,2021-02-02,Chicago,26-35,Other,0.68,False
C00035,2022-08-21,Los Angeles,46-55,F,0.76,False
C00036,2021-05-08,New York,56+,F,0.72,False
C00037,2020-04-15,New York,36-45,Other,0.84,False
C00038,2020-01-02,Houston,56+,Other,0.6,False
C00039,2022-11-28,New York,46-55,F,0.68,False
C00040,2022-08-16,New York,26-35,F,0.14,True
C00041,2020-02-05,Chicago,36-45,F,0.74,False
C00042,2021-07-12,Chicago,46-55,Other,0.82,False
C00043,2021-12-26,Phoenix,26-35,F,0.74,False
C00044,2022-11-15,Los Angeles,18-25,F,0.56,False
C00045,2021-11-12,New York,46-55,F,0.87,False
C00046,2021-12-20,Phoenix,26-35,Other,0.61,False
C00047,2021-10-25,Chicago,26-35,Other,0.59,False
C00048,2022-12-19,Houston,26-35,Other,0.76,False
C00049,2022-09-19,Chicago,18-25,M,0.77,False
C00050,2021-08-03,Chicago,36-45,F,0.36,True
C00051,2021-09-22,New York,46-55,Other,0.74,False
C00052,2021-10-23,New York,56+,Other,0.42,True
C00053,2021-10-11,Phoenix,56+,M,0.86,False
C00054,2021-05-23,Chicago,46-55,M,0.26,True
C00055,2020-09-19,Los Angeles,56+,M,0.63,False
C00056,2021-09-28,New York,26-35,Other,0.76,False
C00057,2021-09-12,New York,26-35,M,0.46,True
C00058,2022-01-13,New York,18-25,F,0.54,False
C00059,2022-12-29,Phoenix,36-45,M,0.86,False
C00060,2021-12-08,Los Angeles,26-35,F,0.75,False
C00061,2021-03-03,Houston,36-45,Other,0.8,False
C00062,2020-05-28,Chicago,56+,M,0.87,False
C00063,2021-01-15,New York,56+,F,0.79,False
C00064,2020-12-07,Chicago,18-25,M,0.87,False
C00065,2020-04-25,Houston,36-45,F,0.34,True
C00066,2021-03-28,Houston,36-45,F,0.2,True
C00067,2020-07-26,Los Angeles,46-55,F,0.76,False
C00068,2021-10-31,Phoenix,26-35,F,0.63,False
C00069,2022-09-06,Chicago,46-55,Other,0.82,False
C00070,2020-08-24,Los Angeles,36-45,Other,0.39,True
C00071,2020-11-16,Chicago,26-35,Other,0.78,False
C00072,2020-05-28,Phoenix,36-45,Other,0.38,True
C00073,2022-03-10,Houston,56+,M,0.23,True
C00074,2022-02-22,Chicago,46-55,F,0.67,False
C00075,2022-01-18,Los Angeles,36-45,M,0.66,False
C00076,2020-12-06,Phoenix,56+,F,0.71,False
C00077,2022-04-14,Los Angeles,56+,F,0.54,False
C00078,2020-11-06,Chicago,46-55,M,0.34,True
C00079,2020-08-31,New York,18-25,M,0.84,False
C00080,2021-07-14,Phoenix,36-45,Other,0.26,True
C00081,2020-05-13,Houston,56+,M,0.42,True
C00082,2022-10-27,Los Angeles,46-55,M,0.68,False
C00083,2021-07-31,Chicago,56+,Other,0.22,True
C00084,2022-07-19,Los Angeles,26-35,F,0.71,False
C00085,2022-03-03,New York,56+,Other,0.72,False
C00086,2020-06-12,Los Angeles,56+,F,0.65,False
C00087,2021-04-27,Chicago,46-55,M,0.79,False
C00088,2022-11-14,New York,46-55,M,0.69,False
C00089,2022-08-21,Los Angeles,46-55,M,0.19,True
C00090,2022-11-01,Phoenix,56+,M,0.52,False
C00091,2022-04-25,New York,36-45,Other,0.64,False
C00092,2022-09-15,Chicago,46-55,Other,0.18,True
C00093,2020-09-10,Los Angeles,46-55,Other,0.76,False
C00094,2021-10-24,Houston,46-55,Other,0.23,True
C00095,2021-11-20,Houston,36-45,Other,0.29,True
C00096,2022-12-15,New York,26-35,Other,0.58,False
C00097,2020-05-28,Phoenix,26-35,F,0.27,True
C00098,2020-07-08,New York,36-45,M,0.75,False
C00099,2021-08-31,Phoenix,46-55,M,0.61,False
C00100,2022-02-23,New York,36-45,Other,0.64,False
C00101,2021-02-23,Phoenix,36-45,Other,0.65,False
C00102,2022-12-22,Chicago,46-55,F,0.87,False
C00103,2021-04-27,Houston,46-55,M,0.59,False
C00104,2020-04-01,Phoenix,26-35,Other,0.66,False
C00105,2021-05-24,Phoenix,56+,F,0.58,False
C00106,2021-02-08,New York,18-25,M,0.39,True
C00107,2022-06-19,Los Angeles,36-45,M,0.62,False
C00108,2020-07-31,Phoenix,36-45,F,0.58,False
C00109,2020-06-21,Phoenix,56+,Other,0.35,True
C00110,2021-04-09,Phoenix,18-25,F,0.1,True
C00111,2020-11-03,Los Angeles,18-25,M,0.91,False
C00112,2021-09-20,Los Angeles,56+,M,0.66,False
C00113,2021-08-16,Phoenix,46-55,F,0.61,False
C00114,2021-07-07,Chicago,46-55,M,0.63,False
C00115,2020-05-08,Chicago,46-55,F,0.8,False
C00116,2020-01-29,Houston,18-25,M,0.69,False
C00117,2020-08-19,Chicago,18-25,M,0.72,False
C00118,2021-12-15,Chicago,46-55,Other,0.61,False
C00119,2022-08-02,Houston,18-25,M,0.48,False
C00120,2022-08-13,Houston,26-35,F,0.7,False
C00121,2022-10-28,New York,56+,F,0.33,True
C00122,2020-03-27,Chicago,46-55,M,0.62,False
C00123,2020-12-31,Los Angeles,56+,Other,0.83,False
C00124,2021-03-11,Los Angeles,26-35,F,0.6,False
C00125,2021-03-17,Phoenix,56+,Other,0.35,True
C00126,2020-12-15,Chicago,26-35,M,0.69,False
C00127,2022-09-18,Phoenix,26-35,M,0.63,False
C00128,2020-12-25,Phoenix,46-55,M,0.57,False
C00129,2022-04-15,Houston,26-35,F,0.65,False
C00130,2020-06-17,Chicago,36-45,F,0.8,False
C00131,2020-05-28,Los Angeles,36-45,Other,0.29,True
C00132,2022-02-08,Los Angeles,18-25,Other,0.85,False
C00133,2022-06-10,New York,18-25,M,0.35,True
C00134,2021-06-05,Phoenix,56+,M,0.6,False
C00135,2020-05-03,Phoenix,46-55,F,0.5,False
C00136,2022-02-28,Chicago,46-55,M,0.72,False
C00137,2021-11-16,New York,18-25,Other,0.35,True
C00138,2020-05-01,Chicago,46-55,M,0.68,False
C00139,2022-10-18,Phoenix,46-55,Other,0.73,False
C00140,2020-10-28,Los Angeles,56+,Other,0.77,False
C00141,2020-07-21,Los Angeles,46-55,M,0.82,False
C00142,2021-10-23,Houston,36-45,F,0.69,False
C00143,2021-04-07,Chicago,56+,F,0.29,True
C00144,2020-03-28,Los Angeles,46-55,Other,0.85,False
C00145,2021-11-26,New York,46-55,F,0.65,False
C00146,2020-01-19,Chicago,26-35,M,0.32,True
C00147,2020-05-15,New York,18-25,F,0.61,False
C00148,2020-05-08,Los Angeles,46-55,Other,0.66,False
C00149,2022-05-23,New York,36-45,Other,0.76,False
C00150,2021-04-17,Houston,18-25,M,0.77,False
C00151,2022-07-11,New York,26-35,Other,0.84,False
C00152,2020-04-21,Chicago,36-45,M,0.69,False
C00153,2021-08-24,Los Angeles,18-25,Other,0.7,False
C00154,2022-11-01,Phoenix,56+,M,0.56,False
C00155,2022-10-11,Phoenix,46-55,Other,0.59,False
C00156,2021-11-28,Houston,46-55,M,0.87,False
C00157,2021-06-19,Houston,18-25,M,0.66,False
C00158,2022-04-01,Los Angeles,56+,Other,0.82,False
C00159,2022-11-09,Los Angeles,26-35,M,0.64,False
C00160,2021-08-05,Los Angeles,36-45,F,0.64,False
C00161,2020-12-01,New York,18-25,F,0.72,False
C00162,2021-05-14,Chicago,36-45,M,0.86,False
C00163,2021-08-16,Chicago,18-25,M,0.8,False
C00164,2020-02-29,Chicago,46-55,F,0.6,False
C00165,2021-10-25,New York,56+,F,0.74,False
C00166,2021-06-25,Los Angeles,36-45,Other,0.76,False
C00167,2020-01-19,New York,46-55,F,0.65,False
C00168,2022-01-09,New York,36-45,Other,0.21,True
C00169,2022-04-10,Chicago,26-35,F,0.78,False
C00170,2022-02-01,New York,36-45,M,0.78,False
C00171,2020-06-09,Phoenix,36-45,F,0.79,False
C00172,2021-10-21,Los Angeles,26-35,F,0.68,False
C00173,2020-03-18,Phoenix,18-25,F,0.6,False
C00174,2020-05-16,Phoenix,46-55,M,0.73,False
C00175,2020-05-17,Phoenix,18-25,Other,0.56,False
C00176,2022-08-30,Los Angeles,36-45,F,0.87,False
C00177,2021-12-10,Houston,56+,F,0.87,False
C00178,2021-07-16,Phoenix,46-55,M,0.65,False
C00179,2021-08-03,Phoenix,46-55,F,0.54,False
C00180,2020-02-18,Chicago,36-45,M,0.72,False
C00181,2021-09-29,Chicago,56+,Other,0.73,False
C00182,2022-10-06,Houston,46-55,M,0.67,False
C00183,2022-09-11,Phoenix,36-45,Other,0.6,False
C00184,2022-07-14,Phoenix,56+,Other,0.6,False
C00185,2020-09-26,Los Angeles,46-55,F,0.6,False
C00186,2020-07-23,Phoenix,56+,Other,0.72,False
C00187,2021-08-18,New York,26-35,F,0.68,False
C00188,2022-05-24,New York,56+,M,0.06,True
C00189,2022-12-29,Houston,36-45,Other,0.79,False
C00190,2021-11-02,Houston,46-55,M,0.71,False
C00191,2020-07-17,Los Angeles,36-45,M,0.75,False
C00192,2021-05-06,Phoenix,46-55,Other,0.69,False
C00193,2020-01-21,Phoenix,18-25,Other,0.94,False
C00194,2022-09-10,Phoenix,46-55,F,0.73,False
C00195,2021-03-20,Houston,46-55,Other,0.29,True
C00196,2021-09-20,Los Angeles,56+,M,0.76,False
C00197,2022-10-11,Phoenix,56+,Other,0.66,False
C00198,2021-07-26,Chicago,26-35,F,0.67,False
C00199,2020-06-25,Los Angeles,46-55,F,0.72,False
C00200,2022-08-23,Los Angeles,46-55,Other,0.68,False
C00201,2020-01-22,Los Angeles,46-55,M,0.82,False
C00202,2022-12-25,Houston,56+,Other,0.29,True
C00203,2021-08-10,Chicago,46-55,Other,0.41,True
C00204,2021-07-24,Phoenix,56+,M,0.64,False
C00205,2021-06-15,Chicago,56+,Other,0.62,False
C00206,2022-12-27,Phoenix,46-55,M,0.56,False
C00207,2020-07-31,Chicago,26-35,M,0.71,False
C00208,2021-09-19,Houston,36-45,F,0.67,False
C00209,2020-02-27,Houston,26-35,F,0.54,False
C00210,2022-05-30,Houston,46-55,F,0.29,True
C00211,2022-12-03,Chicago,46-55,Other,0.63,False
C00212,2022-10-08,New York,18-25,M,0.62,False
C00213,2021-01-13,Chicago,56+,F,0.49,False
C00214,2021-12-09,Phoenix,36-45,M,0.71,False
C00215,2021-05-22,Phoenix,36-45,Other,0.56,False
C00216,2020-06-12,Houston,46-55,M,0.8,False
C00217,2020-08-25,Chicago,36-45,Other,0.56,False
C00218,2021-07-07,Los Angeles,46-55,Other,0.58,False
C00219,2022-04-27,Phoenix,46-55,M,0.72,False
C00220,2020-09-15,Houston,46-55,M,0.7,False
C00221,2020-08-07,Houston,26-35,Other,0.57,False
C00222,2022-10-20,Phoenix,36-45,M,0.78,False
C00223,2021-09-04,Los Angeles,36-45,Other,0.76,False
C00224,2022-08-23,Houston,26-35,F,0.61,False
C00225,2021-07-28,Houston,36-45,Other,0.81,False
C00226,2022-10-09,New York,18-25,Other,0.59,False
C00227,2020-09-03,Los Angeles,18-25,M,0.34,True
C00228,2020-05-10,Phoenix,26-35,F,0.76,False
C00229,2022-10-18,Chicago,36-45,Other,0.73,False
C00230,2021-12-01,Los Angeles,36-45,M,0.75,False
C00231,2021-10-07,Los Angeles,26-35,F,0.68,False
C00232,2022-07-31,Houston,56+,F,0.59,False
C00233,2022-09-08,Houston,18-25,M,0.62,False
C00234,2021-04-20,Los Angeles,36-45,F,0.65,False
C00235,2020-07-08,Phoenix,36-45,F,0.67,False
C00236,2021-06-29,Chicago,56+,F,0.86,False
C00237,2022-08-10,Phoenix,56+,F,0.67,False
C00238,2022-06-14,Los Angeles,56+,Other,0.69,False
C00239,2022-07-19,Chicago,18-25,M,0.42,True
C00240,2022-06-11,Houston,18-25,Other,0.82,False
C00241,2020-06-04,Phoenix,18-25,F,0.59,False
C00242,2021-03-29,New York,18-25,F,0.76,False
C00243,2022-05-04,Los Angeles,18-25,M,0.25,True
C00244,2021-05-30,Phoenix,56+,Other,0.64,False
C00245,2021-06-16,Phoenix,56+,F,0.18,True
C00246,2022-08-06,Houston,26-35,F,0.77,False
C00247,2022-04-24,Chicago,26-35,Other,0.77,False
C00248,2021-10-07,Chicago,18-25,Other,0.6,False
C00249,2022-06-06,Houston,36-45,Other,0.72,False
C00250,2020-05-21,Los Angeles,56+,F,0.48,False
C00251,2021-08-18,Chicago,56+,F,0.38,True
C00252,2021-02-27,Phoenix,36-45,M,0.68,False
C00253,2020-03-23,New York,26-35,Other,0.74,False
C00254,2022-06-17,New York,46-55,Other,0.79,False
C00255,2022-02-25,Chicago,46-55,F,0.65,False
C00256,2021-02-01,Phoenix,18-25,M,0.53,False
C00257,2022-03-31,Phoenix,18-25,Other,0.75,False
C00258,2020-11-29,New York,36-45,F,0.74,False
C00259,2021-11-25,Houston,18-25,Other,0.79,False
C00260,2022-12-21,Chicago,56+,M,0.71,False
C00261,2021-05-08,Phoenix,46-55,M,0.65,False
C00262,2021-10-22,Chicago,36-45,F,0.33,True
C00263,2022-10-09,Phoenix,46-55,Other,0.42,True
C00264,2022-11-24,Houston,26-35,F,0.72,False
C00265,2020-12-08,New York,26-35,F,0.8,False
C00266,2020-11-27,Phoenix,26-35,Other,0.59,False
C00267,2021-10-20,Chicago,36-45,M,0.69,False
C00268,2021-08-27,New York,46-55,Other,0.29,True
C00269,2021-05-19,Los Angeles,26-35,M,0.76,False
C00270,2020-05-11,Chicago,36-45,F,0.66,False
C00271,2020-03-16,Los Angeles,26-35,F,0.65,False
C00272,2022-05-03,Phoenix,18-25,M,0.68,False
C00273,2020-08-01,Phoenix,36-45,Other,0.53,False
C00274,2021-07-26,Phoenix,26-35,M,0.68,False
C00275,2020-05-21,Houston,36-45,Other,0.49,False
C00276,2022-01-18,Chicago,46-55,Other,0.8,False
C00277,2020-02-18,New York,46-55,Other,0.54,True
C00278,2021-07-08,Phoenix,18-25,F,0.67,False
C00279,2021-12-04,Phoenix,18-25,Other,0.52,False
C00280,2021-01-16,Los Angeles,46-55,F,0.64,False
C00281,2022-05-05,New York,56+,F,0.79,False
C00282,2020-07-01,Houston,36-45,M,0.89,False
C00283,2022-06-25,Houston,56+,Other,0.29,True
C00284,2020-01-01,New York,46-55,M,0.76,False
C00285,2022-08-14,Chicago,26-35,M,0.73,False
C00286,2021-03-20,Phoenix,26-35,F,0.65,False
C00287,2022-10-01,New York,36-45,M,0.71,False
C00288,2022-04-29,Chicago,18-25,M,0.81,False
C00289,2021-02-23,Phoenix,18-25,F,0.76,False
C00290,2021-02-15,Phoenix,46-55,Other,0.68,False
C00291,2021-10-16,New York,46-55,Other,0.79,False
C00292,2022-08-16,New York,36-45,M,0.78,False
C00293,2022-06-28,Phoenix,46-55,Other,0.73,False
C00294,2021-12-13,Houston,56+,F,0.74,False
C00295,2021-10-28,Chicago,36-45,M,0.76,False
C00296,2021-01-21,Phoenix,26-35,Other,0.53,False
C00297,2022-09-12,Phoenix,56+,M,0.64,False
C00298,2021-07-27,Chicago,56+,Other,0.83,False
C00299,2020-10-03,Houston,56+,Other,0.61,False
C00300,2021-02-23,Los Angeles,18-25,M,0.61,False
C00301,2022-11-19,Phoenix,46-55,F,0.59,False
C00302,2020-07-13,Los Angeles,46-55,M,0.69,False
C00303,2020-12-25,Phoenix,18-25,F,0.78,False
C00304,2021-11-02,Los Angeles,56+,Other,0.86,False
C00305,2021-11-09,Phoenix,46-55,M,0.78,False
C00306,2022-07-21,Los Angeles,18-25,M,0.68,False
C00307,2022-07-02,Los Angeles,56+,Other,0.74,False
C00308,2022-10-03,Phoenix,36-45,Other,0.13,True
C00309,2021-07-29,New York,56+,M,0.62,False
C00310,2022-07-18,New York,18-25,F,0.85,False
C00311,2022-11-20,Phoenix,46-55,F,0.9,False
C00312,2022-04-16,New York,36-45,Other,0.7,False
C00313,2021-07-10,New York,18-25,F,0.74,False
C00314,2020-12-28,Phoenix,46-55,F,0.67,False
C00315,2021-06-25,Chicago,56+,Other,0.46,True
C00316,2020-05-01,Chicago,36-45,F,0.29,True
C00317,2021-10-07,Phoenix,36-45,F,0.72,False
C00318,2020-07-19,Chicago,46-55,M,0.55,False
C00319,2022-10-04,Chicago,36-45,F,0.55,False
C00320,2022-12-28,Los Angeles,36-45,M,0.47,True
C00321,2022-03-31,Houston,36-45,M,0.92,False
C00322,2022-08-04,Phoenix,46-55,M,0.75,False
C00323,2022-01-31,Los Angeles,18-25,F,0.38,True
C00324,2022-07-30,Chicago,36-45,M,0.76,False
C00325,2022-04-15,Houston,26-35,Other,0.65,False
C00326,2021-04-27,Chicago,36-45,M,0.25,True
C00327,2021-05-23,New York,18-25,M,0.76,False
C00328,2020-04-13,New York,56+,M,0.68,False
C00329,2022-09-25,Phoenix,36-45,F,0.84,False
C00330,2021-05-31,Chicago,36-45,F,0.55,False
C00331,2020-03-04,Los Angeles,18-25,F,0.72,False
C00332,2020-09-23,Houston,18-25,Other,0.65,False
C00333,2021-01-29,Houston,46-55,Other,0.7,False
C00334,2022-09-03,Los Angeles,26-35,Other,0.65,False
C00335,2022-06-01,Los Angeles,18-25,F,0.7,False
C00336,2021-09-11,Los Angeles,36-45,F,0.73,False
C00337,2021-02-10,Chicago,18-25,M,0.8,False
C00338,2021-12-15,Phoenix,46-55,F,0.84,False
C00339,2022-08-31,Houston,26-35,Other,0.62,False
C00340,2021-08-26,Chicago,26-35,F,0.74,False
C00341,2020-12-30,Houston,26-35,F,0.85,False
C00342,2021-05-25,New York,56+,F,0.28,True
C00343,2022-05-30,Chicago,18-25,M,0.81,False
C00344,2022-04-19,New York,56+,M,0.29,True
C00345,2022-11-02,Houston,36-45,F,0.8,False
C00346,2020-10-13,Los Angeles,18-25,M,0.92,False
C00347,2020-10-03,Phoenix,46-55,M,0.75,False
C00348,2020-07-12,Los Angeles,18-25,M,0.72,False
C00349,2020-01-19,Chicago,46-55,F,0.87,False
C00350,2022-03-04,Phoenix,18-25,F,0.77,False
C00351,2020-01-01,Chicago,26-35,F,0.35,True
C00352,2020-05-20,Phoenix,36-45,F,0.77,False
C00353,2020-09-13,Los Angeles,18-25,Other,0.82,False
C00354,2020-07-12,Los Angeles,46-55,F,0.45,True
C00355,2021-02-17,Los Angeles,46-55,M,0.23,True
C00356,2022-06-28,New York,36-45,F,0.7,False
C00357,2022-12-25,Chicago,56+,M,0.36,True
C00358,2021-01-09,Los Angeles,46-55,M,0.69,False
C00359,2020-11-17,Houston,46-55,F,0.14,True
C00360,2022-11-02,Chicago,18-25,M,0.74,False
C00361,2022-06-22,New York,36-45,F,0.67,False
C00362,2021-09-23,Phoenix,56+,Other,0.67,False
C00363,2020-11-16,Phoenix,46-55,M,0.76,False
C00364,2021-03-12,Houston,56+,M,0.26,True
C00365,2021-12-26,Chicago,36-45,Other,0.16,True
C00366,2020-07-01,Phoenix,56+,M,0.92,False
C00367,2021-10-21,Phoenix,46-55,F,0.57,False
C00368,2022-11-03,Chicago,18-25,F,0.62,False
C00369,2022-04-26,Los Angeles,36-45,F,0.6,False
C00370,2021-12-03,New York,46-55,Other,0.32,True
C00371,2022-11-01,Phoenix,36-45,M,0.74,False
C00372,2022-04-29,New York,18-25,F,0.6,False
C00373,2022-09-17,Chicago,36-45,Other,0.39,True
C00374,2020-10-20,New York,56+,M,0.6,False
C00375,2021-01-24,Houston,46-55,Other,0.94,False
C00376,2022-06-07,New York,26-35,F,0.32,True
C00377,2021-03-03,Chicago,46-55,F,0.59,False
C00378,2022-06-29,Houston,36-45,F,0.51,False
C00379,2021-11-21,Houston,46-55,Other,0.18,True
C00380,2021-04-15,Phoenix,18-25,M,0.86,False
C00381,2021-09-23,Houston,56+,F,0.57,False
C00382,2020-06-23,Phoenix,18-25,M,0.4,True
C00383,2022-07-17,Chicago,26-35,Other,0.82,False
C00384,2021-06-06,Los Angeles,46-55,M,0.59,False
C00385,2021-06-16,Chicago,18-25,M,0.81,False
C00386,2022-03-20,Chicago,26-35,M,0.06,True
C00387,2022-10-20,New York,46-55,Other,0.7,False
C00388,2020-08-14,Houston,26-35,Other,0.82,False
C00389,2020-01-31,Phoenix,46-55,Other,0.67,False
C00390,2021-10-10,New York,46-55,F,0.8,False
C00391,2021-09-12,Houston,26-35,M,0.69,False
C00392,2020-06-10,Houston,26-35,F,0.71,False
C00393,2022-04-01,Chicago,26-35,F,0.27,True
C00394,2020-12-21,Chicago,56+,M,0.31,True
C00395,2020-02-18,Phoenix,56+,F,0.27,True
C00396,2021-07-18,Phoenix,18-25,F,0.55,False
C00397,2022-05-17,New York,46-55,M,0.59,False
C00398,2021-11-05,Phoenix,26-35,F,0.78,False
C00399,2022-06-02,Los Angeles,26-35,Other,0.06,True
C00400,2020-06-19,Houston,56+,M,0.69,False
C00401,2020-04-28,Phoenix,36-45,M,0.65,False
C00402,2021-04-09,Houston,56+,Other,0.68,False
C00403,2021-10-26,Los Angeles,56+,Other,0.72,False
C00404,2021-06-02,Houston,46-55,M,0.8,False
C00405,2021-09-14,Phoenix,18-25,Other,0.56,False
C00406,2020-06-08,Houston,56+,Other,0.77,False
C00407,2022-12-04,New York,26-35,Other,0.77,False
C00408,2021-10-05,Chicago,18-25,Other,0.73,False
C00409,2021-02-15,Houston,36-45,F,0.71,False
C00410,2021-04-15,Phoenix,18-25,M,0.72,False
C00411,2021-09-22,New York,56+,Other,0.7,False
C00412,2021-08-30,Phoenix,46-55,M,0.78,False
C00413,2020-10-04,Chicago,46-55,F,0.9,False
C00414,2020-12-27,Chicago,46-55,F,0.65,False
C00415,2020-09-23,New York,18-25,M,0.79,False
C00416,2021-03-31,Phoenix,26-35,M,0.86,False
C00417,2021-05-05,Houston,56+,M,0.6,False
C00418,2021-07-17,Chicago,18-25,Other,0.73,False
C00419,2020-06-07,New York,18-25,M,0.87,False
C00420,2022-03-04,New York,18-25,M,0.19,True
C00421,2022-08-03,Houston,18-25,M,0.68,False
C00422,2020-01-15,Los Angeles,18-25,Other,0.77,False
C00423,2021-03-21,Phoenix,18-25,F,0.72,False
C00424,2021-12-14,Houston,26-35,Other,0.53,True
C00425,2021-06-03,Los Angeles,56+,M,0.54,False
C00426,2021-09-11,Los Angeles,46-55,Other,0.66,False
C00427,2020-09-28,Chicago,36-45,F,0.76,False
C00428,2021-07-13,Los Angeles,56+,M,0.7,False
C00429,2020-12-22,Chicago,18-25,F,0.76,False
C00430,2022-11-08,Chicago,36-45,Other,0.22,True
C00431,2021-09-10,Houston,36-45,M,0.83,False
C00432,2022-04-27,Houston,18-25,M,0.64,False
C00433,2020-01-08,Phoenix,18-25,F,0.75,False
C00434,2021-05-09,New York,26-35,F,0.85,False
C00435,2022-01-23,New York,26-35,M,0.68,False
C00436,2020-03-26,New York,26-35,F,0.75,False
C00437,2020-06-19,New York,18-25,M,0.35,True
C00438,2020-06-18,Chicago,46-55,Other,0.75,False
C00439,2022-02-28,Phoenix,56+,M,0.77,False
C00440,2022-06-07,Los Angeles,26-35,Other,1.0,False
C00441,2020-11-22,Phoenix,56+,F,0.55,False
C00442,2022-09-06,Houston,36-45,F,0.13,True
C00443,2022-11-06,Chicago,26-35,F,0.66,False
C00444,2020-04-25,Los Angeles,26-35,Other,0.52,False
C00445,2022-08-18,New York,26-35,Other,0.86,False
C00446,2022-12-17,Phoenix,26-35,Other,0.75,False
C00447,2020-12-19,Los Angeles,56+,Other,0.77,False
C00448,2022-01-02,Chicago,26-35,Other,0.75,False
C00449,2021-10-22,Phoenix,26-35,F,0.87,False
C00450,2020-10-08,Los Angeles,26-35,Other,0.68,False
C00451,2020-11-22,New York,46-55,F,0.59,False
C00452,2021-02-08,Phoenix,26-35,F,0.56,False
C00453,2021-07-06,New York,36-45,Other,0.72,False
C00454,2020-04-21,Los Angeles,46-55,Other,0.44,False
C00455,2020-02-09,Phoenix,36-45,F,0.32,True
C00456,2022-09-20,Los Angeles,26-35,Other,0.81,False
C00457,2020-10-16,New York,46-55,Other,0.65,False
C00458,2021-04-15,Phoenix,18-25,F,0.34,True
C00459,2022-05-12,Chicago,26-35,Other,0.28,True
C00460,2021-11-11,Chicago,26-35,Other,0.37,True
C00461,2021-11-10,New York,56+,Other,0.44,False
C00462,2020-07-30,Chicago,46-55,Other,0.82,False
C00463,2020-11-01,Houston,46-55,Other,0.78,False
C00464,2022-05-18,New York,26-35,Other,0.65,False
C00465,2021-05-10,Phoenix,18-25,F,0.75,False
C00466,2021-05-18,Phoenix,26-35,M,0.58,False
C00467,2020-09-28,Chicago,18-25,M,0.31,True
C00468,2022-07-26,Phoenix,18-25,Other,0.75,False
C00469,2021-06-04,Chicago,46-55,Other,0.64,False
C00470,2020-01-10,New York,18-25,M,0.75,False
C00471,2020-06-01,Los Angeles,26-35,F,0.29,True
C00472,2022-05-18,Houston,26-35,F,0.5,True
C00473,2021-05-03,Houston,46-55,Other,1.0,False
C00474,2020-04-13,Phoenix,56+,Other,0.26,True
C00475,2022-02-01,Chicago,46-55,Other,0.39,True
C00476,2020-03-13,Los Angeles,18-25,M,0.74,False
C00477,2020-06-23,Houston,36-45,M,0.78,False
C00478,2020-07-10,New York,18-25,M,0.59,False
C00479,2022-05-13,Phoenix,36-45,F,0.66,False
C00480,2021-01-03,New York,18-25,F,0.15,True
C00481,2022-07-13,Chicago,56+,Other,0.66,False
C00482,2022-06-07,New York,56+,M,0.47,False
C00483,2020-10-09,New York,18-25,Other,0.83,False
C00484,2022-09-26,Chicago,18-25,M,0.32,True
C00485,2021-12-16,Chicago,46-55,M,0.84,False
C00486,2021-03-27,Los Angeles,46-55,Other,0.8,False
C00487,2020-11-08,Los Angeles,18-25,M,0.64,False
C00488,2021-06-02,New York,18-25,M,0.7,False
C00489,2021-05-14,Los Angeles,26-35,M,0.71,False
C00490,2020-04-22,Phoenix,36-45,Other,0.18,True
C00491,2020-05-19,New York,56+,Other,0.66,False
C00492,2021-05-31,Phoenix,18-25,Other,0.63,False
C00493,2022-12-18,Chicago,46-55,F,0.68,False
C00494,2020-02-19,Houston,36-45,Other,0.59,False
C00495,2021-07-12,Chicago,36-45,F,0.82,False
C00496,2020-10-15,New York,46-55,Other,0.81,False
C00497,2020-08-02,Houston,46-55,Other,0.84,False
C00498,2022-01-29,Los Angeles,36-45,M,0.74,False
C00499,2020-12-26,Phoenix,26-35,Other,0.68,False
C00500,2020-08-05,Houston,18-25,M,0.74,False
C00501,2021-11-11,Chicago,26-35,F,0.7,False
C00502,2021-02-28,New York,18-25,F,0.62,False
C00503,2021-01-21,Phoenix,36-45,F,0.7,False
C00504,2020-07-26,Chicago,26-35,F,0.89,False
C00505,2020-06-02,New York,26-35,M,0.75,False
C00506,2020-08-06,Phoenix,56+,Other,0.29,True
C00507,2022-08-07,Los Angeles,18-25,F,0.72,False
C00508,2021-02-06,Houston,36-45,F,0.57,False
C00509,2022-03-12,Phoenix,56+,F,0.78,False
C00510,2020-03-13,Houston,36-45,F,0.54,False
C00511,2020-04-09,New York,56+,M,0.79,False
C00512,2020-09-14,Phoenix,18-25,F,0.76,False
C00513,2022-06-09,New York,56+,Other,0.73,False
C00514,2022-05-17,Houston,26-35,F,0.61,False
C00515,2022-05-30,Chicago,46-55,M,0.87,False
C00516,2022-10-27,Los Angeles,26-35,M,0.76,False
C00517,2020-02-15,New York,46-55,Other,0.29,True
C00518,2020-09-18,Houston,36-45,M,0.61,False
C00519,2021-01-01,Phoenix,46-55,Other,0.69,False
C00520,2021-01-13,Chicago,56+,M,0.7,False
C00521,2020-02-12,Houston,46-55,Other,0.69,False
C00522,2020-06-18,New York,18-25,Other,0.76,False
C00523,2022-01-26,Los Angeles,18-25,M,0.59,False
C00524,2022-12-06,Phoenix,46-55,M,0.2,True
C00525,2020-11-26,Los Angeles,18-25,Other,0.51,False
C00526,2021-09-30,Houston,36-45,F,0.71,False
C00527,2021-01-21,New York,26-35,Other,0.77,False
C00528,2022-04-12,Chicago,18-25,M,0.66,False
C00529,2021-05-23,Los Angeles,36-45,F,0.85,False
C00530,2020-10-21,New York,46-55,M,0.78,False
C00531,2021-10-10,Houston,46-55,M,0.27,True
C00532,2022-05-02,Phoenix,26-35,M,0.73,False
C00533,2022-01-11,Phoenix,18-25,F,0.79,False
C00534,2021-02-23,Houston,56+,Other,0.74,False
C00535,2020-03-03,Phoenix,56+,Other,0.65,False
C00536,2022-02-10,New York,46-55,Other,0.62,False
C00537,2020-03-28,Chicago,18-25,M,0.46,False
C00538,2022-04-02,Los Angeles,56+,F,0.7,False
C00539,2022-11-27,Houston,36-45,F,0.28,True
C00540,2022-07-13,Phoenix,46-55,F,0.35,True
C00541,2021-03-30,Chicago,36-45,F,0.6,False
C00542,2020-10-29,Phoenix,18-25,M,0.67,False
C00543,2020-07-14,Los Angeles,36-45,M,0.64,False
C00544,2020-10-09,Phoenix,56+,Other,0.49,False
C00545,2020-02-21,Houston,46-55,Other,0.75,False
C00546,2021-06-27,New York,56+,F,0.76,False
C00547,2020-11-09,Houston,36-45,F,0.82,False
C00548,2020-04-06,Chicago,46-55,F,0.65,False
C00549,2021-02-28,New York,18-25,F,0.8,False
C00550,2020-03-27,New York,36-45,F,0.74,False
C00551,2022-04-04,Phoenix,36-45,M,0.36,True
C00552,2021-04-01,Phoenix,36-45,M,0.2,True
C00553,2021-05-09,New York,26-35,Other,0.75,False
C00554,2022-12-04,Houston,46-55,M,0.31,True
C00555,2021-10-23,New York,46-55,Other,0.87,False
C00556,2021-12-21,Phoenix,36-45,F,0.76,False
C00557,2021-09-25,New York,56+,Other,0.73,False
C00558,2022-10-16,New York,26-35,M,0.67,False
C00559,2022-10-31,Los Angeles,26-35,M,0.67,False
C00560,2020-09-03,Houston,18-25,Other,0.61,False
C00561,2021-02-15,Los Angeles,26-35,Other,0.58,False
C00562,2020-12-28,Houston,18-25,M,0.54,False
C00563,2020-01-19,Houston,36-45,F,0.51,False
C00564,2020-06-23,Houston,26-35,F,0.64,False
C00565,2020-05-20,Houston,18-25,M,0.59,False
C00566,2022-07-18,Chicago,36-45,M,0.31,True
C00567,2020-09-01,Houston,36-45,Other,0.33,True
C00568,2022-07-13,Chicago,26-35,F,0.7,False
C00569,2020-10-31,Phoenix,46-55,F,0.74,False
C00570,2022-03-27,Los Angeles,18-25,Other,0.75,False
C00571,2020-06-19,Phoenix,26-35,Other,0.43,True
C00572,2021-06-24,Phoenix,26-35,Other,0.59,False
C00573,2020-01-25,Phoenix,36-45,M,0.78,False
C00574,2021-09-23,Los Angeles,18-25,F,0.81,False
C00575,2021-02-28,Phoenix,56+,F,0.69,False
C00576,2022-08-04,Phoenix,18-25,M,0.8,False
C00577,2021-10-20,Houston,36-45,Other,1.0,False
C00578,2021-03-04,Houston,36-45,M,0.7,False
C00579,2020-02-26,Phoenix,56+,M,0.68,False
C00580,2021-03-10,Chicago,46-55,F,0.57,False
C00581,2020-10-18,Chicago,36-45,F,0.69,False
C00582,2020-04-25,New York,36-45,M,0.68,False
C00583,2021-07-10,New York,56+,M,0.63,False
C00584,2021-06-15,Los Angeles,26-35,F,0.51,False
C00585,2020-01-03,Chicago,26-35,F,0.76,False
C00586,2020-02-09,New York,56+,M,0.24,True
C00587,2022-04-22,New York,18-25,F,0.48,False
C00588,2021-09-10,New York,26-35,M,0.81,False
C00589,2021-07-14,Los Angeles,46-55,F,0.66,False
C00590,2021-11-01,Los Angeles,36-45,F,0.73,False
C00591,2020-09-06,Chicago,26-35,M,0.85,False
C00592,2022-03-17,Phoenix,56+,F,0.77,False
C00593,2021-07-24,Phoenix,56+,M,0.21,True
C00594,2022-06-13,New York,36-45,F,0.74,False
C00595,2021-12-27,Chicago,46-55,F,0.72,False
C00596,2022-05-07,Los Angeles,18-25,M,0.89,False
C00597,2022-07-26,Houston,18-25,Other,0.81,False
C00598,2020-09-23,Los Angeles,36-45,Other,0.64,False
C00599,2022-11-29,Chicago,18-25,Other,0.6,False
C00600,2021-01-20,New York,56+,M,0.7,False
C00601,2021-08-15,New York,18-25,M,0.79,False
C00602,2021-01-30,Chicago,26-35,M,0.76,False
C00603,2021-01-18,Phoenix,46-55,F,0.69,False
C00604,2021-05-19,Houston,18-25,Other,0.72,False
C00605,2022-09-16,Los Angeles,56+,M,0.76,False
C00606,2020-06-04,Los Angeles,56+,Other,0.79,False
C00607,2022-06-21,Los Angeles,46-55,M,0.57,False
C00608,2022-09-25,Los Angeles,36-45,F,0.68,False
C00609,2022-06-05,Los Angeles,26-35,M,0.43,True
C00610,2020-12-05,Houston,36-45,M,0.65,False
C00611,2021-07-28,Phoenix,26-35,F,0.69,False
C00612,2022-06-11,Houston,36-45,Other,0.73,False
C00613,2021-11-20,New York,36-45,F,0.54,False
C00614,2020-02-25,Los Angeles,26-35,Other,0.87,False
C00615,2021-03-30,New York,56+,F,0.71,False
C00616,2020-08-17,Los Angeles,26-35,F,0.37,True
C00617,2022-06-11,New York,18-25,F,0.36,True
C00618,2021-11-18,Phoenix,18-25,F,0.76,False
C00619,2020-12-30,New York,36-45,M,0.8,False
C00620,2020-12-16,New York,18-25,F,0.2,True
C00621,2022-10-08,Chicago,56+,F,0.68,False
C00622,2022-07-05,Phoenix,46-55,F,0.52,False
C00623,2021-05-15,Chicago,26-35,F,0.76,False
C00624,2020-06-14,Phoenix,46-55,F,0.32,True
C00625,2020-07-25,Phoenix,18-25,Other,0.75,False
C00626,2021-05-29,Chicago,26-35,M,0.72,False
C00627,2021-06-20,Phoenix,56+,Other,0.4,True
C00628,2021-01-17,New York,56+,M,0.62,False
C00629,2022-12-07,Los Angeles,56+,M,0.74,False
C00630,2021-10-12,Los Angeles,26-35,Other,0.74,False
C00631,2022-06-19,Houston,36-45,F,0.49,False
C00632,2022-02-18,Phoenix,26-35,M,0.69,False
C00633,2022-11-03,Chicago,46-55,Other,0.41,True
C00634,2020-07-07,New York,18-25,Other,0.59,False
C00635,2021-04-15,New York,46-55,Other,0.85,False
C00636,2022-07-28,Phoenix,36-45,Other,0.81,False
C00637,2022-09-27,Phoenix,56+,Other,0.41,True
C00638,2022-07-06,Phoenix,36-45,M,0.42,True
C00639,2021-09-07,New York,26-35,Other,0.87,False
C00640,2022-07-31,Phoenix,26-35,M,0.68,False
C00641,2021-06-15,Chicago,18-25,M,0.57,False
C00642,2021-10-04,Chicago,26-35,M,0.82,False
C00643,2022-05-25,Phoenix,26-35,Other,0.73,False
C00644,2021-10-21,Phoenix,36-45,Other,0.22,True
C00645,2021-10-01,Los Angeles,26-35,M,0.69,False
C00646,2021-03-14,New York,26-35,F,0.59,False
C00647,2022-12-04,Houston,56+,Other,0.76,False
C00648,2022-08-09,Phoenix,26-35,Other,0.21,True
C00649,2022-07-19,Los Angeles,56+,M,0.8,False
C00650,2021-04-09,Phoenix,46-55,Other,0.7,False
C00651,2021-08-29,Chicago,26-35,M,0.75,False
C00652,2020-12-31,New York,36-45,F,0.73,False
C00653,2022-07-13,Los Angeles,36-45,M,0.33,True
C00654,2022-12-30,Los Angeles,56+,M,0.68,False
C00655,2021-12-28,Los Angeles,26-35,M,0.15,True
C00656,2021-07-17,New York,56+,F,0.73,False
C00657,2021-08-06,Houston,26-35,F,0.7,False
C00658,2020-02-25,New York,36-45,F,0.35,True
C00659,2022-05-11,Houston,26-35,F,0.18,True
C00660,2021-10-11,New York,46-55,M,0.84,False
C00661,2020-02-05,New York,46-55,F,0.59,False
C00662,2020-06-14,Phoenix,36-45,F,0.51,False
C00663,2020-04-05,Phoenix,26-35,F,0.28,True
C00664,2020-07-10,Chicago,36-45,M,0.58,False
C00665,2022-12-24,Phoenix,46-55,F,0.7,False
C00666,2022-09-17,Los Angeles,46-55,M,0.6,False
C00667,2020-08-13,Chicago,36-45,M,0.8,False
C00668,2021-11-18,Los Angeles,36-45,F,0.72,False
C00669,2022-11-21,New York,56+,F,0.6,False
C00670,2021-10-21,Chicago,36-45,Other,0.05,True
C00671,2020-07-19,Phoenix,56+,F,0.9,False
C00672,2022-11-27,Los Angeles,18-25,M,0.8,False
C00673,2022-11-07,Phoenix,46-55,Other,0.26,True
C00674,2020-07-05,Houston,46-55,Other,0.68,False
C00675,2022-04-28,Houston,46-55,Other,0.67,False
C00676,2022-09-05,Los Angeles,36-45,Other,0.81,False
C00677,2020-11-05,Phoenix,46-55,M,0.7,False
C00678,2022-04-24,Los Angeles,36-45,M,0.72,False
C00679,2020-08-07,Chicago,46-55,Other,0.19,True
C00680,2022-01-27,Houston,18-25,Other,0.74,False
C00681,2021-12-12,Phoenix,46-55,Other,0.68,False
C00682,2020-07-03,Houston,56+,F,0.67,False
C00683,2022-04-06,New York,18-25,Other,0.77,False
C00684,2020-11-03,Houston,18-25,M,0.63,False
C00685,2022-01-31,Los Angeles,56+,F,0.63,False
C00686,2021-01-17,Chicago,36-45,Other,0.75,False
C00687,2021-12-17,Chicago,26-35,Other,0.82,False
C00688,2022-07-20,Chicago,26-35,Other,0.63,False
C00689,2022-12-17,Houston,18-25,Other,0.67,False
C00690,2020-04-18,New York,36-45,Other,0.77,False
C00691,2021-11-29,New York,36-45,M,0.72,False
C00692,2020-06-04,Los Angeles,46-55,Other,0.7,False
C00693,2021-12-22,Phoenix,26-35,Other,0.58,False
C00694,2022-05-20,Chicago,56+,F,0.85,False
C00695,2022-02-19,Los Angeles,18-25,M,0.61,False
C00696,2021-08-28,Chicago,56+,Other,0.71,False
C00697,2021-09-19,Los Angeles,26-35,Other,0.49,False
C00698,2021-12-14,Phoenix,26-35,F,0.73,False
C00699,2022-07-14,Los Angeles,46-55,F,0.61,False
C00700,2020-11-03,Phoenix,36-45,F,0.62,False
C00701,2020-05-19,Phoenix,26-35,M,0.77,False
C00702,2022-08-31,Houston,36-45,F,0.79,False
C00703,2022-12-01,New York,18-25,Other,0.86,False
C00704,2020-05-18,Los Angeles,46-55,F,0.58,False
C00705,2021-05-20,New York,36-45,Other,0.76,False
C00706,2021-02-27,Phoenix,36-45,M,0.64,False
C00707,2021-05-07,Houston,26-35,M,0.68,False
C00708,2022-04-01,Houston,26-35,M,0.24,True
C00709,2022-05-05,Chicago,46-55,Other,0.14,True
C00710,2022-12-22,Los Angeles,18-25,Other,0.42,True
C00711,2022-10-26,Houston,18-25,F,0.87,False
C00712,2022-11-17,Houston,18-25,M,0.61,False
C00713,2020-02-27,Phoenix,46-55,F,0.8,False
C00714,2022-09-03,Houston,46-55,Other,0.59,False
C00715,2022-03-06,Los Angeles,46-55,F,0.57,False
C00716,2020-07-28,Phoenix,56+,F,0.73,False
C00717,2021-04-16,New York,46-55,Other,0.7,False
C00718,2022-06-18,Chicago,36-45,M,0.25,True
C00719,2020-07-02,Houston,26-35,M,0.64,False
C00720,2021-04-16,Phoenix,46-55,Other,0.78,False
C00721,2022-07-08,Chicago,46-55,M,0.69,False
C00722,2022-09-28,Los Angeles,18-25,F,0.57,False
C00723,2020-05-31,Houston,26-35,F,0.79,False
C00724,2021-04-08,Chicago,46-55,Other,0.81,False
C00725,2020-06-10,Phoenix,26-35,M,0.69,False
C00726,2021-03-09,Houston,56+,Other,0.67,False
C00727,2020-07-01,Phoenix,56+,M,0.36,True
C00728,2021-10-31,Los Angeles,36-45,F,0.8,False
C00729,2021-09-19,New York,46-55,F,0.33,True
C00730,2021-03-21,Los Angeles,36-45,Other,0.73,False
C00731,2020-09-06,New York,56+,M,0.23,True
C00732,2022-09-01,New York,36-45,Other,0.79,False
C00733,2021-04-15,New York,36-45,Other,0.71,False
C00734,2021-06-13,Los Angeles,26-35,F,0.31,True
C00735,2020-07-10,Los Angeles,36-45,F,0.81,False
C00736,2020-05-17,Houston,26-35,M,0.69,False
C00737,2020-11-06,Phoenix,26-35,M,0.71,False
C00738,2021-03-18,New York,26-35,Other,0.85,False
C00739,2022-03-29,New York,56+,Other,0.76,False
C00740,2020-04-17,Los Angeles,46-55,F,0.33,True
C00741,2022-08-17,Phoenix,18-25,M,0.58,False
C00742,2022-01-01,Phoenix,46-55,Other,0.51,False
C00743,2021-06-26,Los Angeles,26-35,Other,0.21,True
C00744,2022-06-15,Phoenix,26-35,F,0.76,False
C00745,2022-01-30,Chicago,56+,Other,0.57,False
C00746,2021-11-24,Phoenix,36-45,M,0.67,False
C00747,2021-09-02,Chicago,46-55,Other,0.71,False
C00748,2020-01-08,Phoenix,26-35,F,0.31,True
C00749,2021-10-18,New York,26-35,F,0.64,False
C00750,2021-05-10,Phoenix,46-55,M,0.65,False
C00751,2020-03-12,Phoenix,46-55,Other,0.76,False
C00752,2020-09-25,Houston,46-55,Other,0.74,False
C00753,2020-01-06,Phoenix,36-45,F,0.68,False
C00754,2021-07-23,Los Angeles,36-45,M,0.65,False
C00755,2022-10-25,Houston,56+,Other,0.7,False
C00756,2021-01-24,New York,18-25,M,0.32,True
C00757,2022-02-23,Los Angeles,46-55,M,0.71,False
C00758,2020-01-13,Phoenix,36-45,F,0.71,False
C00759,2021-07-28,Los Angeles,46-55,Other,0.54,False
C00760,2022-09-30,Chicago,36-45,Other,0.58,False
C00761,2020-05-01,Los Angeles,18-25,F,0.77,False
C00762,2021-01-15,Los Angeles,46-55,M,0.65,False
C00763,2022-03-10,Phoenix,18-25,Other,0.67,False
C00764,2022-04-05,Chicago,56+,M,0.61,False
C00765,2022-03-18,Chicago,56+,Other,0.23,True
C00766,2022-01-01,Chicago,46-55,Other,0.66,False
C00767,2020-08-24,New York,26-35,Other,0.65,False
C00768,2022-02-09,Los Angeles,26-35,Other,0.88,False
C00769,2020-07-19,Phoenix,36-45,F,0.7,False
C00770,2022-08-19,Chicago,56+,Other,0.84,False
C00771,2022-03-08,Houston,46-55,M,0.84,False
C00772,2021-10-19,Houston,46-55,F,0.25,True
C00773,2020-06-19,Phoenix,56+,Other,0.83,False
C00774,2021-10-24,Phoenix,18-25,F,0.82,False
C00775,2021-05-08,Houston,26-35,F,0.31,True
C00776,2022-07-07,Phoenix,56+,F,0.54,False
C00777,2021-08-30,Houston,56+,Other,0.66,False
C00778,2022-10-26,Los Angeles,18-25,F,0.69,False
C00779,2022-03-19,Los Angeles,26-35,Other,0.74,False
C00780,2021-02-19,Phoenix,46-55,M,0.83,False
C00781,2022-02-17,Phoenix,36-45,M,0.65,False
C00782,2022-09-28,Chicago,36-45,M,0.46,True
C00783,2020-08-12,Chicago,18-25,M,0.81,False
C00784,2020-09-07,Phoenix,26-35,F,0.74,False
C00785,2022-12-28,Houston,36-45,Other,0.58,False
C00786,2020-01-30,Houston,36-45,F,0.72,False
C00787,2021-05-09,Phoenix,36-45,M,0.59,False
C00788,2021-12-18,Los Angeles,36-45,F,0.59,False
C00789,2021-09-30,Los Angeles,46-55,Other,0.43,True
C00790,2020-04-25,Chicago,26-35,M,0.7,False
C00791,2021-02-08,Houston,56+,M,0.69,False
C00792,2022-06-21,Los Angeles,18-25,Other,0.35,True
C00793,2022-04-23,Houston,56+,M,0.26,True
C00794,2022-09-04,Houston,56+,F,0.31,True
C00795,2021-04-27,Houston,36-45,Other,0.25,True
C00796,2021-10-17,New York,36-45,F,0.23,True
C00797,2020-10-30,Chicago,56+,F,0.8,False
C00798,2022-09-25,Phoenix,18-25,M,0.31,True
C00799,2021-08-13,Los Angeles,46-55,F,0.63,False
C00800,2021-12-03,Los Angeles,36-45,F,0.64,False
C00801,2020-01-12,Phoenix,18-25,Other,0.71,False
C00802,2020-01-17,Chicago,36-45,M,0.59,False
C00803,2021-06-03,Houston,18-25,Other,0.61,False
C00804,2021-12-20,Chicago,36-45,Other,0.31,True
C00805,2022-07-14,Houston,18-25,F,0.65,False
C00806,2022-08-27,Phoenix,56+,F,0.74,False
C00807,2022-03-07,New York,36-45,F,0.75,False
C00808,2020-08-15,Los Angeles,56+,M,0.55,False
C00809,2022-11-10,Houston,56+,M,0.73,False
C00810,2020-01-27,Los Angeles,26-35,Other,0.87,False
C00811,2022-04-10,Los Angeles,36-45,F,0.73,False
C00812,2022-07-06,Los Angeles,56+,M,0.34,True
C00813,2022-11-19,Chicago,56+,M,0.66,False
C00814,2021-04-15,New York,46-55,Other,0.57,False
C00815,2022-07-20,New York,18-25,M,0.18,True
C00816,2022-10-07,Houston,18-25,M,0.78,False
C00817,2021-03-16,Houston,36-45,M,0.19,True
C00818,2021-01-22,Chicago,26-35,F,0.31,True
C00819,2020-10-04,New York,26-35,Other,0.66,False
C00820,2022-09-15,Los Angeles,36-45,M,0.69,False
C00821,2020-05-14,Phoenix,26-35,Other,0.25,True
C00822,2021-05-04,New York,56+,Other,0.79,False
C00823,2021-02-18,Chicago,56+,Other,0.88,False
C00824,2020-10-14,New York,18-25,F,0.55,False
C00825,2020-11-11,Phoenix,56+,F,0.51,False
C00826,2020-05-23,Chicago,36-45,F,0.69,False
C00827,2020-05-08,Houston,56+,Other,0.26,True
C00828,2020-12-06,New York,56+,F,0.77,False
C00829,2021-06-14,Houston,46-55,F,0.23,True
C00830,2022-03-28,Houston,18-25,F,0.65,False
C00831,2021-05-04,Phoenix,26-35,Other,0.79,False
C00832,2020-06-30,Phoenix,56+,Other,0.77,False
C00833,2020-01-30,Houston,26-35,F,0.88,False
C00834,2022-02-16,Houston,26-35,M,0.76,False
C00835,2021-07-07,New York,56+,Other,0.57,False
C00836,2020-07-03,New York,56+,M,0.67,False
C00837,2020-01-12,Chicago,26-35,Other,0.49,False
C00838,2021-08-10,Houston,18-25,M,0.42,True
C00839,2022-02-26,Houston,46-55,Other,0.75,False
C00840,2021-07-31,Phoenix,56+,M,0.57,False
C00841,2022-07-11,Houston,46-55,F,0.72,False
C00842,2021-07-22,New York,46-55,F,0.86,False
C00843,2020-10-06,Phoenix,56+,F,0.9,False
C00844,2021-09-13,Los Angeles,18-25,Other,0.13,True
C00845,2020-11-09,Los Angeles,56+,Other,0.81,False
C00846,2020-02-05,New York,56+,Other,0.79,False
C00847,2021-03-15,New York,18-25,F,0.77,False
C00848,2022-07-29,Phoenix,46-55,Other,0.69,False
C00849,2021-04-24,Houston,56+,Other,0.73,False
C00850,2021-11-29,Chicago,46-55,F,0.62,False
C00851,2021-12-10,Chicago,56+,M,0.66,False
C00852,2022-10-01,Houston,46-55,M,0.69,False
C00853,2020-04-18,New York,36-45,Other,0.38,False
C00854,2022-05-04,Chicago,56+,M,0.66,False
C00855,2022-05-14,Chicago,18-25,M,0.33,True
C00856,2022-02-23,Phoenix,56+,F,0.83,False
C00857,2022-04-16,New York,56+,Other,0.72,False
C00858,2020-03-12,Chicago,36-45,M,0.24,True
C00859,2021-07-19,Houston,36-45,F,0.67,False
C00860,2020-02-23,New York,56+,M,0.64,False
C00861,2020-05-08,Los Angeles,56+,Other,0.8,False
C00862,2022-05-01,Los Angeles,56+,F,0.62,False
C00863,2020-05-10,New York,56+,F,0.66,False
C00864,2021-12-09,Chicago,56+,Other,0.81,False
C00865,2020-08-30,Los Angeles,26-35,Other,0.81,False
C00866,2022-09-13,Houston,26-35,M,0.65,False
C00867,2022-05-26,Phoenix,46-55,Other,0.53,False
C00868,2020-07-29,Phoenix,26-35,M,0.82,False
C00869,2021-09-18,Houston,56+,M,0.97,False
C00870,2020-10-25,Houston,18-25,M,0.77,False
C00871,2022-01-21,Los Angeles,46-55,F,0.42,True
C00872,2022-02-18,Houston,46-55,F,0.74,False
C00873,2021-09-01,Los Angeles,36-45,Other,0.68,False
C00874,2022-06-20,Chicago,18-25,Other,0.79,False
C00875,2020-11-23,New York,56+,M,0.55,False
C00876,2021-01-10,Chicago,56+,Other,0.4,True
C00877,2021-10-13,Phoenix,56+,Other,0.77,False
C00878,2020-02-15,Chicago,46-55,F,0.65,False
C00879,2020-04-25,Chicago,46-55,M,0.79,False
C00880,2020-10-31,Los Angeles,26-35,M,0.6,False
C00881,2021-03-04,Chicago,56+,M,0.15,True
C00882,2022-01-16,Los Angeles,36-45,F,0.64,False
C00883,2022-05-14,New York,18-25,Other,0.68,False
C00884,2020-11-29,Phoenix,26-35,F,0.2,True
C00885,2021-05-14,Phoenix,26-35,M,0.7,False
C00886,2020-03-19,Houston,18-25,M,0.85,False
C00887,2020-08-31,Houston,56+,Other,0.85,False
C00888,2020-08-04,Phoenix,18-25,F,0.74,False
C00889,2020-11-25,New York,18-25,Other,0.71,False
C00890,2021-01-25,Phoenix,36-45,Other,0.62,False
C00891,2022-07-18,Houston,18-25,Other,0.25,True
C00892,2021-10-05,New York,26-35,F,0.71,False
C00893,2021-04-22,Chicago,26-35,F,0.63,False
C00894,2020-07-07,Los Angeles,26-35,F,0.81,False
C00895,2022-01-25,New York,46-55,Other,0.24,True
C00896,2021-01-11,Houston,26-35,F,0.62,False
C00897,2021-07-12,Houston,36-45,Other,0.66,False
C00898,2022-11-20,New York,46-55,M,0.75,False
C00899,2021-06-25,Los Angeles,46-55,M,0.45,True
C00900,2022-12-25,Houston,46-55,F,0.75,False
C00901,2021-11-23,New York,26-35,M,0.36,True
C00902,2020-09-09,Houston,56+,F,0.36,True
C00903,2021-08-20,Phoenix,46-55,Other,0.62,False
C00904,2021-08-29,Chicago,26-35,F,0.74,False
C00905,2022-05-11,New York,26-35,F,0.25,True
C00906,2022-06-23,Houston,46-55,M,0.51,False
C00907,2022-02-08,New York,36-45,Other,0.79,False
C00908,2020-06-20,Houston,26-35,Other,0.38,True
C00909,2021-02-25,Houston,18-25,M,0.72,False
C00910,2020-12-29,New York,56+,M,0.34,True
C00911,2021-12-22,Chicago,56+,M,0.74,False
C00912,2021-08-27,Phoenix,18-25,F,0.06,True
C00913,2020-05-23,Houston,36-45,F,0.55,False
C00914,2020-08-11,Los Angeles,56+,Other,0.81,False
C00915,2021-03-04,Chicago,26-35,M,0.89,False
C00916,2021-12-27,New York,56+,Other,0.78,False
C00917,2022-06-08,Los Angeles,46-55,Other,0.25,True
C00918,2022-07-13,Phoenix,18-25,F,0.34,True
C00919,2020-01-29,Chicago,36-45,M,0.64,False
C00920,2021-09-14,Los Angeles,46-55,M,0.62,False
C00921,2020-06-23,New York,26-35,M,0.64,False
C00922,2021-08-19,Houston,36-45,M,0.41,True
C00923,2020-01-09,Phoenix,46-55,Other,0.98,False
C00924,2022-10-13,Houston,56+,F,0.76,False
C00925,2020-04-22,Chicago,26-35,F,0.75,False
C00926,2020-01-01,New York,36-45,M,0.58,False
C00927,2020-11-01,Los Angeles,26-35,Other,0.53,True
C00928,2022-07-25,Chicago,46-55,Other,0.32,True
C00929,2022-08-22,Phoenix,18-25,F,0.66,False
C00930,2021-10-19,Houston,36-45,M,0.81,False
C00931,2020-05-16,Houston,18-25,Other,0.63,False
C00932,2021-04-12,Houston,36-45,F,0.75,False
C00933,2021-08-28,Houston,26-35,Other,0.71,False
C00934,2020-05-27,Phoenix,26-35,F,0.36,True
C00935,2022-03-23,New York,36-45,F,0.8,False
C00936,2021-08-10,Phoenix,56+,Other,0.21,True
C00937,2020-02-04,Houston,56+,Other,0.57,False
C00938,2021-06-21,Houston,18-25,Other,0.65,False
C00939,2020-08-20,Los Angeles,46-55,F,0.76,False
C00940,2022-07-27,Los Angeles,56+,M,0.75,False
C00941,2020-03-16,Houston,18-25,F,0.65,False
C00942,2021-11-29,Houston,18-25,F,0.62,False
C00943,2022-11-26,Chicago,26-35,M,0.7,False
C00944,2020-05-06,Houston,46-55,Other,0.48,False
C00945,2022-10-16,New York,26-35,Other,0.81,False
C00946,2021-06-11,Chicago,56+,M,0.53,False
C00947,2020-03-25,Los Angeles,18-25,F,0.89,False
C00948,2020-03-05,Houston,56+,F,0.81,False
C00949,2022-07-07,Houston,26-35,F,0.61,False
C00950,2021-05-05,Los Angeles,56+,M,0.77,False
C00951,2021-09-06,Phoenix,36-45,M,0.58,False
C00952,2022-03-23,Los Angeles,36-45,F,0.68,False
C00953,2020-12-05,Los Angeles,36-45,Other,0.53,False
C00954,2021-10-10,Houston,56+,F,0.57,False
C00955,2020-10-22,Houston,26-35,F,0.66,False
C00956,2020-12-08,New York,26-35,Other,0.61,False
C00957,2020-02-27,Los Angeles,46-55,F,0.36,True
C00958,2020-05-13,Phoenix,56+,Other,0.67,False
C00959,2022-04-13,Chicago,18-25,F,0.68,False
C00960,2020-05-25,New York,18-25,Other,0.61,False
C00961,2022-11-24,Los Angeles,18-25,M,0.67,False
C00962,2020-06-01,Houston,46-55,M,0.32,True
C00963,2020-12-10,Phoenix,36-45,M,0.81,False
C00964,2020-08-08,Phoenix,36-45,F,0.86,False
C00965,2022-04-20,Phoenix,36-45,F,0.66,False
C00966,2021-04-25,Chicago,26-35,Other,0.64,False
C00967,2020-12-10,Phoenix,26-35,F,0.63,False
C00968,2020-01-21,New York,18-25,F,0.63,False
C00969,2021-07-04,Los Angeles,46-55,Other,0.72,False
C00970,2022-10-30,Los Angeles,46-55,Other,0.63,False
C00971,2021-01-15,Los Angeles,46-55,F,0.61,False
C00972,2020-01-15,New York,26-35,M,0.66,False
C00973,2020-06-02,New York,46-55,F,0.78,False
C00974,2020-09-28,New York,26-35,F,0.88,False
C00975,2022-02-26,Chicago,36-45,F,0.75,False
C00976,2021-09-14,Phoenix,46-55,M,0.6,False
C00977,2022-10-28,Los Angeles,26-35,M,0.8,False
C00978,2020-07-09,Chicago,36-45,F,0.67,False
C00979,2021-04-29,Los Angeles,26-35,M,0.35,True
C00980,2021-01-10,Los Angeles,36-45,Other,0.77,False
C00981,2020-03-13,New York,26-35,M,0.68,False
C00982,2021-07-25,Phoenix,26-35,M,0.7,False
C00983,2020-06-27,Los Angeles,26-35,Other,0.71,False
C00984,2022-01-04,Los Angeles,56+,M,0.69,False
C00985,2020-07-27,Los Angeles,26-35,Other,0.34,True
C00986,2021-10-26,Houston,36-45,M,0.56,False
C00987,2021-11-28,Los Angeles,26-35,Other,0.34,True
C00988,2022-06-04,Los Angeles,36-45,F,0.58,False
C00989,2022-08-13,Los Angeles,36-45,F,0.87,False
C00990,2020-05-23,Phoenix,56+,F,0.75,False
C00991,2022-08-08,Chicago,26-35,M,0.75,False
C00992,2020-09-26,Phoenix,46-55,Other,0.29,True
C00993,2021-04-11,New York,18-25,Other,0.75,False
C00994,2020-04-20,New York,56+,Other,0.66,False
C00995,2020-06-21,Los Angeles,36-45,M,0.95,False
C00996,2021-06-29,Houston,56+,F,0.66,False
C00997,2021-11-16,New York,56+,F,0.79,False
C00998,2022-06-12,Houston,26-35,F,0.74,False
C00999,2020-03-18,Houston,56+,M,0.73,False
C01000,2021-11-18,Los Angeles,18-25,F,0.82,False
